{"epoch": 7, "epoch_time": "2.3", "lr": 0.09987114626364171, "eval_loss": 1.5268407146324185, "eval_top1": {"max": 39.98328225132349}, "train_loss": 1.457365127254078, "train_top1": 43.679682331310424, "_runtime": 1167, "_timestamp": 1637679491, "_step": 7}