{"epoch": 39, "epoch_time": "3.6", "lr": 0.09330127018922195, "eval_loss": 1.3294759010929822, "eval_top1": {"max": 50.73836723321259}, "train_loss": 1.2548082694185494, "train_top1": 53.1958619265593, "_runtime": 8663, "_timestamp": 1637647442, "_step": 39}