{"epoch": 1, "epoch_time": "0.2", "lr": 0.09996145181203615, "eval_loss": 1.8057085888802291, "eval_top1": {"max": 26.051825020897187}, "train_loss": 1.7951679426183138, "train_top1": 25.103626042208937, "_runtime": 57, "_timestamp": 1637515748, "_step": 1}