{"epoch": 155, "epoch_time": "1.0", "lr": 0.027300475013022664, "eval_loss": 1.1567547397382347, "eval_top1": {"max": 59.3758707160769}, "train_loss": 1.0535328327839208, "train_top1": 61.18290431744718, "_runtime": 8790, "_timestamp": 1637647565, "_step": 155}