{"epoch": 239, "epoch_time": "1.3", "lr": 0.0, "eval_loss": 1.1413282383846752, "eval_top1": {"max": 65.56143772638617}, "train_loss": 0.4852833285231738, "train_top1": 82.70228847936966, "_runtime": 22047, "_timestamp": 1637660824, "_step": 239, "_wandb": {"runtime": 22047}}